task,method,variable,units,bias,mae,rmse,mae_reduction_vs_bilinear_percent
1deg_to_0.25deg,Bilinear interpolation,tmax,degC,-0.012958460487425327,0.4996284246444702,1.4366869926452637,0
1deg_to_0.25deg,Initial patch CNN,tmax,degC,-0.005319254472851753,0.47312942147254944,1.377463698387146,5.303742114107531
1deg_to_0.25deg,Earlier terrain-aware CNN,tmax,degC,0.007725948467850685,0.469809353351593,1.3617689609527588,5.968249567485297
1deg_to_0.25deg,Stable terrain-aware SRGAN,tmax,degC,0.0064916592091321945,0.21168093383312225,0.45023518800735474,57.63232766755576
1deg_to_0.25deg,REFINE: fusion + SwinV2,tmax,degC,0.00478967964765363,0.20073289165960523,0.43064598028071216,59.82354068494705
1deg_to_0.25deg,REFINE,tmin,degC,-0.004238708713895364,0.20974930109327344,0.450714328992656,59.777793682146154
1deg_to_0.25deg,Bilinear,tmin,degC,-0.012884474677737,0.5214763691373385,1.670273116766915,0
1deg_to_0.25deg,REFINE,tmax,degC,0.00478967964765363,0.20073289165960523,0.43064598028071216,59.82354068494705
1deg_to_0.25deg,Bilinear,tmax,degC,-0.012958144656514913,0.49962812821685465,1.4366869744855826,0
1deg_to_0.25deg,REFINE,prcp,mm/day,-0.004569509017528658,0.2784479399279258,0.9911572845802192,38.55139459917483
1deg_to_0.25deg,Bilinear,prcp,mm/day,9.916078920857235e-05,0.45313955965579433,1.426420267647636,0
0.25deg_to_1over24deg_observed_input,REFINE,tmin,degC,-0.0010207574438301024,0.0496619460179074,0.16797733412788188,75.37006386118506
0.25deg_to_1over24deg_observed_input,Bilinear,tmin,degC,-0.0006671140289101206,0.2016324595322189,0.9939177126349791,0
0.25deg_to_1over24deg_observed_input,REFINE,tmax,degC,0.0013884197858564362,0.04873290362823186,0.1534709951201859,75.77649000468783
0.25deg_to_1over24deg_observed_input,Bilinear,tmax,degC,0.0010003023723473951,0.20118019080497757,0.8496797275001995,0
0.25deg_to_1over24deg_observed_input,REFINE,prcp,mm/day,-0.0009433569734251562,0.04953514746296842,0.31373976289427447,63.217695472162
0.25deg_to_1over24deg_observed_input,Bilinear,prcp,mm/day,6.305749171886617e-06,0.13467113629456975,0.5890455596037758,0
